outcome,statistic,df,p_value
final_share,3.2356512141280316,3,0.3566996799685634
