group1,group2,method,rate1,rate2,rate_ratio,conf.low,conf.high,p_value_raw,p_value_holm,q_value_BH
ENS,JPN,poisson.test,2.5639447828851557e-5,8.703745195705004e-4,0.029457948563916755,0.012129532583602696,0.07154197637982036,3.666877480977079e-46,2.2001264885862473e-45,2.2001264885862473e-45
JPN,KOR,poisson.test,8.703745195705004e-4,2.048352498705555e-4,4.249144227473194,2.980630470857036,6.057519320963412,2.4920219146660368e-20,1.2460109573330185e-19,7.47606574399811e-20
CHN,JPN,poisson.test,2.7838234549779826e-4,8.703745195705004e-4,0.3198420211510446,0.24599776845221324,0.41585303451180494,1.476889977209858e-19,5.907559908839432e-19,2.953779954419716e-19
CHN,ENS,poisson.test,2.7838234549779826e-4,2.5639447828851557e-5,10.857579592043328,4.394322214373707,26.827125742384236,9.968645065423246e-13,2.9905935196269737e-12,1.4952967598134869e-12
ENS,KOR,poisson.test,2.5639447828851557e-5,2.048352498705555e-4,0.12517107209356917,0.049119219903492266,0.3189748802981203,1.0381372109718385e-7,2.076274421943677e-7,1.245764653166206e-7
CHN,KOR,poisson.test,2.7838234549779826e-4,2.048352498705555e-4,1.3590548778773206,0.9149002684903331,2.0188322429174748,0.14747067482867807,0.14747067482867807,0.14747067482867807
