Df,SumOfSqs,R2,F,Pr(>F),term
3,12421.79797026797,0.859334134294817,20.363484061723682,0.0016,Model
10,2033.3452325113428,0.1406658657051829,NA,NA,Residual
13,14455.143202779314,1,NA,NA,Total
